2024-12-04_18-32-57,000%,student.cpp:2024-12-04_18-32-57
2024-12-04_18-33-17,000%,student.cpp:2024-12-04_18-32-57
2024-12-05_13-32-50,COMP,student.cpp:2024-12-05_13-32-50
2024-12-05_13-37-29,COMP,student.cpp:2024-12-05_13-37-29
2024-12-05_13-54-12,012%,student.cpp:2024-12-05_13-54-12
2024-12-05_13-55-31,062%,student.cpp:2024-12-05_13-55-31
2024-12-05_13-59-07,062%,student.cpp:2024-12-05_13-59-07
2024-12-05_14-04-05,062%,student.cpp:2024-12-05_14-04-05
2024-12-05_14-07-20,062%,student.cpp:2024-12-05_14-07-20
2024-12-05_14-07-45,062%,student.cpp:2024-12-05_14-07-45
2024-12-05_14-07-55,062%,student.cpp:2024-12-05_14-07-55
2024-12-05_14-15-14,062%,student.cpp:2024-12-05_14-15-14
2024-12-05_14-17-22,075%,student.cpp:2024-12-05_14-17-22
2024-12-05_14-18-38,062%,student.cpp:2024-12-05_14-18-38
2024-12-05_14-18-49,075%,student.cpp:2024-12-05_14-18-49
2024-12-05_14-21-24,075%,student.cpp:2024-12-05_14-21-24
2024-12-05_14-23-44,087%,student.cpp:2024-12-05_14-23-44
2024-12-05_14-24-42,087%,student.cpp:2024-12-05_14-23-44
2024-12-05_14-28-24,087%,student.cpp:2024-12-05_14-28-24
2024-12-05_14-30-10,087%,student.cpp:2024-12-05_14-30-10
2024-12-05_14-38-25,087%,student.cpp:2024-12-05_14-38-25
2024-12-05_14-38-46,100%,student.cpp:2024-12-05_14-38-46
